Card Type Code,Card Type Full Name,Issuing Bank,Card Number,Card Holder's Name,CVV/CVV2,Issue Date,Expiry Date,Billing Date,Card PIN,Credit Limit
JC,Japan Credit Bureau,JCB,3562833988864805,Fritz S Hillis,126,05/2016,05/2022,20,3557,137900
VI,Visa,Barclays,4897500211521858,Joann Merrill,665,11/2015,11/2033,22,3964,72700
VI,Visa,Bank of America,4601758078961321,Elvin Rochon,978,06/2011,06/2018,6,7993,157700
DC,Diners Club International,Diners Club,30218563944281,Rebecca V Larson,964,02/2017,02/2023,8,4536,175600
JC,Japan Credit Bureau,JCB,3537588813816261,Siobhan Riley,688,05/2010,05/2025,13,5891,52300
AX,American Express,American Express,344934450023143,Erica Z Coffey,3300,11/2011,11/2013,19,8244,96200
AX,American Express,American Express,344766908008924,Melissia P Cespedes,9124,05/2016,05/2036,19,3808,74900
AX,American Express,U.S. Bancorp,377112713389078,Ida K Rodriquez,6823,01/2013,01/2014,26,3626,128200
JC,Japan Credit Bureau,JCB,3562210529953746,Tena F Bloomberg,808,02/2010,02/2017,24,1516,177800
DS,Discover,Discover,6447476775022825,Raymond Q Alford,120,05/2013,05/2020,16,5191,196600
